kabupaten,kecamatan,x1_banjir,x2_angin,x3_gempa,x4_longsor,x5_kebakaran,latitude,longitude,cluster
kabupaten bandung,arjasari,0.0598006644518272,0.1666666666666666,0.0072046109510086,0.1849710982658959,0.1794871794871795,-7.0583258,107.6509845,0
kabupaten bandung,baleendah,0.0299003322259136,0.1111111111111111,0.0072046109510086,0.0,0.0,-6.999963,107.620874,0
kabupaten bandung,banjaran,0.0764119601328903,0.1666666666666666,0.0,0.0809248554913294,0.0,-7.0481094,107.5923258,0
kabupaten bandung,bojongsoang,0.0564784053156146,0.0185185185185185,0.0043227665706051,0.0,0.0512820512820512,-6.9816369,107.6365711,0
kabupaten bandung,cangkuang,0.0332225913621262,0.0185185185185185,0.0086455331412103,0.0231213872832369,0.0,-7.0415945,107.5530434,0
kabupaten bandung,cicalengka,0.0365448504983388,0.0925925925925925,0.0259365994236311,0.0982658959537572,0.1538461538461538,-6.9877273,107.8397798,0
kabupaten bandung,cikancung,0.0697674418604651,0.0185185185185185,0.0043227665706051,0.0346820809248554,0.1025641025641025,-7.0126297,107.8265136,0
kabupaten bandung,cilengkrang,0.0,0.0555555555555555,0.0100864553314121,0.0578034682080924,0.0,-6.9049243,107.6941319,0
kabupaten bandung,cileunyi,0.0697674418604651,0.074074074074074,0.0072046109510086,0.1156069364161849,0.0,-6.9411936,107.7434564,0
kabupaten bandung,cimaung,0.0,0.1111111111111111,0.0043227665706051,0.1098265895953757,0.1025641025641025,-7.0869685,107.5627557,0
kabupaten bandung,cimenyan,0.0,0.0925925925925925,0.0,0.1098265895953757,0.0,-6.8799677,107.6638481,0
kabupaten bandung,ciparay,0.0299003322259136,0.2407407407407407,0.0028818443804034,0.0346820809248554,0.0769230769230769,-7.0360562,107.7135582,0
kabupaten bandung,ciwidey,0.0099667774086378,0.074074074074074,0.0043227665706051,0.1098265895953757,0.1538461538461538,-7.1027234,107.4641673,0
kabupaten bandung,dayeuhkolot,0.1960132890365448,0.0,0.0,0.0,0.0,-6.9862119,107.6265321,0
kabupaten bandung,ibun,0.0,0.074074074074074,0.0,0.1040462427745664,0.4871794871794871,-7.1028124,107.7645427,0
kabupaten bandung,katapang,0.2026578073089701,0.074074074074074,0.0144092219020172,0.0,0.0,-7.0099447,107.5507035,0
kabupaten bandung,kertasari,0.0199335548172757,0.0555555555555555,0.0965417867435158,0.1329479768786127,0.0,-7.1968665,107.6708811,0
kabupaten bandung,kutawaringin,0.0232558139534883,0.0555555555555555,0.0201729106628242,0.2312138728323699,0.2307692307692307,-6.9945519,107.5190911,0
kabupaten bandung,majalaya,0.0332225913621262,0.074074074074074,0.0,0.0115606936416184,0.0,-7.049328,107.7615285,0
kabupaten bandung,margaasih,0.0431893687707641,0.0,0.0014409221902017,0.0057803468208092,0.0256410256410256,-6.9982889,107.8487522,0
kabupaten bandung,margahayu,0.0564784053156146,0.0185185185185185,0.0057636887608069,0.0,0.0,-6.9716176,107.584734,0
kabupaten bandung,nagreg,0.0066445182724252,0.0555555555555555,0.0072046109510086,0.0462427745664739,0.1538461538461538,-7.0201682,107.8865797,0
kabupaten bandung,pacet,0.0,0.2222222222222222,0.0965417867435158,0.4104046242774566,0.8205128205128205,-7.1041292,107.704457,-1
kabupaten bandung,pameungpeuk,0.0132890365448504,0.074074074074074,0.0086455331412103,0.0,0.0,-7.0193702,107.5961709,0
kabupaten bandung,pangalengan,0.0199335548172757,0.1666666666666666,0.1311239193083573,0.1849710982658959,0.0,-7.1767287,107.5753393,0
kabupaten bandung,paseh,0.0863787375415282,0.037037037037037,0.0072046109510086,0.1560693641618497,0.3076923076923077,-7.0324835,107.7939141,0
kabupaten bandung,pasirjambu,0.0066445182724252,0.0185185185185185,0.0345821325648414,0.1849710982658959,0.0512820512820512,-7.0888583,107.4800032,0
kabupaten bandung,rancabali,0.0,0.0185185185185185,0.0043227665706051,0.0289017341040462,0.0256410256410256,-7.1539613,107.3710249,0
kabupaten bandung,rancaekek,0.4019933554817276,0.4629629629629629,0.0331412103746397,0.0,0.0,-6.9587288,107.7592626,0
kabupaten bandung,solokanjeruk,0.1096345514950166,0.1666666666666666,0.0,0.0,0.0,-7.0111055,107.7490715,0
kabupaten bandung,soreang,0.0099667774086378,0.1851851851851851,0.015850144092219,0.0982658959537572,0.0769230769230769,-7.033831,107.52945,0
kabupaten bandung barat,batujajar,0.0730897009966777,0.2592592592592592,0.015850144092219,0.0809248554913294,0.0,-6.9183485,107.4914121,0
kabupaten bandung barat,cihampelas,0.0099667774086378,0.1851851851851851,0.0115273775216138,0.1098265895953757,0.0769230769230769,-6.9255721,107.4796781,0
kabupaten bandung barat,cikalongwetan,0.0,0.074074074074074,0.047550432276657,0.2312138728323699,0.0256410256410256,-6.734928,107.438082,0
kabupaten bandung barat,cililin,0.0,0.1481481481481481,0.0086455331412103,0.1156069364161849,0.0256410256410256,-6.9507949,107.4578845,0
kabupaten bandung barat,cipatat,0.0199335548172757,0.2962962962962963,0.0302593659942363,0.1560693641618497,0.2307692307692307,-6.8262046,107.3810059,0
kabupaten bandung barat,cipeundeuy,0.0033222591362126,0.0925925925925925,0.0057636887608069,0.0404624277456647,0.0769230769230769,-6.7387434,107.3628886,0
kabupaten bandung barat,cipongkor,0.0066445182724252,0.0925925925925925,0.015850144092219,0.1618497109826589,0.2564102564102564,-6.95208,107.364403,0
kabupaten bandung barat,cisarua,0.0,0.074074074074074,0.0043227665706051,0.1329479768786127,0.0512820512820512,-6.7972652,107.5733982,0
kabupaten bandung barat,gununghalu,0.0199335548172757,0.0185185185185185,0.0561959654178674,0.4161849710982658,0.2307692307692307,-7.0333284,107.3147771,0
kabupaten bandung barat,lembang,0.0,0.0,0.0331412103746397,0.1849710982658959,0.0256410256410256,-6.8111033,107.6171239,0
kabupaten bandung barat,ngamprah,0.0166112956810631,0.0,0.0072046109510086,0.0693641618497109,0.0,-6.830761,107.5024731,0
kabupaten bandung barat,padalarang,0.0199335548172757,0.2222222222222222,0.0100864553314121,0.0751445086705202,0.0256410256410256,-6.84176,107.4728623,0
kabupaten bandung barat,parongpong,0.0,0.0,0.0,0.0173410404624277,0.0,-6.804719,107.588162,0
kabupaten bandung barat,rongga,0.0,0.0,0.0028818443804034,0.1387283236994219,0.1538461538461538,-6.99769,107.279793,0
kabupaten bandung barat,saguling,0.0033222591362126,0.0,0.0,0.0693641618497109,0.0,-6.8918312,107.3705669,0
kabupaten bandung barat,sindangkerta,0.0099667774086378,0.1481481481481481,0.0187319884726224,0.2947976878612716,0.2307692307692307,-6.991297,107.4086895,0
kabupaten bekasi,babelan,0.1162790697674418,0.3888888888888888,0.0,0.0057803468208092,0.0,-6.1641587,107.040592,0
kabupaten bekasi,bojongmangu,0.0166112956810631,0.0,0.0014409221902017,0.0346820809248554,0.0,-6.4336368,107.1934549,0
kabupaten bekasi,cabangbungin,0.0564784053156146,0.0,0.0,0.0,0.0,-6.0696873,107.1605285,0
kabupaten bekasi,cibarusah,0.0,0.1296296296296296,0.0,0.0520231213872832,0.0,-6.4375384,107.0750972,0
kabupaten bekasi,cibitung,0.1727574750830564,0.1481481481481481,0.0,0.0,0.1538461538461538,-7.3258385,106.6215285,0
kabupaten bekasi,cikarang barat,0.0631229235880398,0.0,0.0,0.0346820809248554,0.0,-6.32375,107.063148,0
kabupaten bekasi,cikarang pusat,0.0465116279069767,0.0,0.0,0.0057803468208092,0.0,-6.3597,107.183708,0
kabupaten bekasi,cikarang selatan,0.0166112956810631,0.0185185185185185,0.0,0.0,0.0256410256410256,-6.36107,107.10807,0
kabupaten bekasi,cikarang timur,0.2491694352159468,0.0925925925925925,0.0057636887608069,0.0173410404624277,0.0512820512820512,-6.268323,107.205827,0
kabupaten bekasi,cikarang utara,0.1262458471760797,0.2407407407407407,0.0057636887608069,0.0,0.0,-6.26372,107.164253,0
kabupaten bekasi,karang bahagia,0.0531561461794019,0.037037037037037,0.0,0.0,0.0,-6.1914099,107.179147,0
kabupaten bekasi,kedung waringin,0.0730897009966777,0.1111111111111111,0.0057636887608069,0.0057803468208092,0.0256410256410256,-6.261565,107.271963,0
kabupaten bekasi,muaragembong,0.0996677740863787,0.0,0.0,0.0173410404624277,0.0,-5.992552,107.051954,0
kabupaten bekasi,pebayuran,0.1129568106312292,0.0,0.0100864553314121,0.0,0.0,-6.20472,107.245934,0
kabupaten bekasi,serang baru,0.0166112956810631,0.0,0.0100864553314121,0.0057803468208092,0.0,-6.20822,107.186813,0
kabupaten bekasi,setu,0.0531561461794019,0.2037037037037037,0.0,0.0,0.0769230769230769,-6.3365693,107.0421387,0
kabupaten bekasi,sukakarya,0.0299003322259136,0.0,0.0,0.0057803468208092,0.0,-6.1383677,107.1760593,0
kabupaten bekasi,sukatani,0.0431893687707641,0.0,0.0,0.0,0.0,-6.164715,107.179671,0
kabupaten bekasi,sukawangi,0.0398671096345514,0.0,0.0,0.0,0.0,-6.135947,107.1258074,0
kabupaten bekasi,tambelang,0.0132890365448504,0.0,0.0,0.0,0.0,-6.164455,107.092301,0
kabupaten bekasi,tambun selatan,0.0664451827242525,0.037037037037037,0.0043227665706051,0.0,0.0,-6.16753,106.963943,0
kabupaten bekasi,tambun utara,0.0996677740863787,0.5925925925925926,0.0,0.0520231213872832,0.0,-6.17123,107.052322,0
kabupaten bekasi,tarumajaya,0.1029900332225913,0.0,0.0,0.0,0.0,-6.10254,106.99395,0
kabupaten bogor,babakan madang,0.0797342192691029,0.0925925925925925,0.0043227665706051,0.1329479768786127,0.0,-6.5640263,106.8640262,0
kabupaten bogor,bojong gede,0.1694352159468438,0.2962962962962963,0.0129682997118155,0.1156069364161849,0.0,-6.4898394,106.7947858,0
kabupaten bogor,caringin,0.0,0.3148148148148147,0.0360230547550432,0.1445086705202312,0.0,-6.4418132,106.7743479,0
kabupaten bogor,cariu,0.0199335548172757,0.3148148148148147,0.0014409221902017,0.0,0.0256410256410256,-6.5046612,107.1326533,0
kabupaten bogor,ciampea,0.0730897009966777,0.3333333333333333,0.0345821325648414,0.1445086705202312,0.0769230769230769,-6.5546699,106.6968665,0
kabupaten bogor,ciawi,0.0431893687707641,0.1481481481481481,0.0576368876080691,0.3468208092485549,0.0,-6.5254215,106.5792344,0
kabupaten bogor,cibungbulang,0.0365448504983388,0.2222222222222222,0.0244956772334293,0.0809248554913294,0.0,6.582331,106.645203,0
kabupaten bogor,cigombong,0.0099667774086378,0.4074074074074074,0.0763688760806916,0.1618497109826589,0.0,-6.7429244,106.8034317,0
kabupaten bogor,cigudeg,0.1461794019933555,0.3148148148148147,0.0345821325648414,0.2890173410404624,0.0512820512820512,6.5501489,106.5349514,0
kabupaten bogor,cijeruk,0.0033222591362126,0.3888888888888888,0.0576368876080691,0.4450867052023121,0.0512820512820512,-6.707088,106.7961321,0
kabupaten bogor,cileungsi,0.0232558139534883,0.1481481481481481,0.0172910662824207,0.0,0.0256410256410256,-6.7102934,106.8784976,0
kabupaten bogor,ciomas,0.0265780730897009,0.7962962962962963,0.0273775216138328,0.2196531791907514,0.0,-6.6077747,106.7668201,0
kabupaten bogor,cisarua,0.0299003322259136,0.1666666666666666,0.0043227665706051,0.2485549132947976,0.0,-6.6796943,106.9343616,0
kabupaten bogor,ciseeng,0.0033222591362126,0.3148148148148147,0.0028818443804034,0.0173410404624277,0.0256410256410256,-6.450758,106.6807104,0
kabupaten bogor,citeureup,0.0199335548172757,0.0925925925925925,0.0,0.0404624277456647,0.0,-6.4813979,106.883697,0
kabupaten bogor,dramaga,0.0265780730897009,0.6481481481481481,0.0590778097982708,0.3179190751445087,0.0256410256410256,-6.5755385,106.738174,0
kabupaten bogor,gunung putri,0.0232558139534883,0.0555555555555555,0.0,0.0404624277456647,0.0,-6.4641341,106.8916515,0
kabupaten bogor,gunung sindur,0.0099667774086378,0.037037037037037,0.0086455331412103,0.0,0.0769230769230769,-6.3854304,106.6742035,0
kabupaten bogor,jasinga,0.1362126245847176,0.1481481481481481,0.0230547550432276,0.1965317919075144,0.1282051282051282,-6.4798553,106.4636539,0
kabupaten bogor,jonggol,0.0099667774086378,0.2037037037037037,0.0086455331412103,0.0346820809248554,0.0256410256410256,-6.4684838,107.0661376,0
kabupaten bogor,kemang,0.0531561461794019,0.1296296296296296,0.0072046109510086,0.1040462427745664,0.0512820512820512,-6.5122915,106.7551754,0
kabupaten bogor,klapanunggal,0.0897009966777408,0.3333333333333333,0.0086455331412103,0.0578034682080924,0.0512820512820512,-6.44946,106.974541,0
kabupaten bogor,leuwiliang,0.0365448504983388,0.2777777777777778,0.0129682997118155,0.3815028901734104,0.0,-6.5741124,106.6320672,0
kabupaten bogor,leuwisadeng,0.0132890365448504,0.074074074074074,0.0028818443804034,0.0693641618497109,0.0769230769230769,-6.5736852,106.6035368,0
kabupaten bogor,megamendung,0.0166112956810631,0.2222222222222222,0.0417867435158501,0.2254335260115607,0.2307692307692307,-6.6746457,106.8829447,0
kabupaten bogor,nanggung,0.0564784053156146,0.1111111111111111,0.0590778097982708,0.3641618497109826,0.0512820512820512,-6.6044248,106.538666,0
kabupaten bogor,pamijahan,0.0099667774086378,0.5555555555555556,0.0417867435158501,0.2774566473988439,0.0256410256410256,-6.6435115,106.6523988,0
kabupaten bogor,parung,0.0265780730897009,0.3333333333333333,0.0043227665706051,0.0,0.0,-6.4212984,106.7333552,0
kabupaten bogor,parung panjang,0.0664451827242525,0.3518518518518518,0.0403458213256484,0.0751445086705202,0.0769230769230769,-6.3421951,106.5734165,0
kabupaten bogor,ranca bungur,0.0299003322259136,0.0555555555555555,0.0086455331412103,0.0982658959537572,0.0,-6.5372152,106.7061891,0
kabupaten bogor,rumpin,0.0265780730897009,0.2222222222222222,0.0057636887608069,0.1156069364161849,0.1794871794871795,-6.441805,106.6405055,0
kabupaten bogor,sukajaya,0.0564784053156146,0.5740740740740741,0.154178674351585,0.4393063583815029,0.0769230769230769,-6.5927435,106.513982,0
kabupaten bogor,sukamakmur,0.0166112956810631,0.2222222222222222,0.0259365994236311,0.2485549132947976,0.0512820512820512,-6.6137132,106.7513037,0
kabupaten bogor,sukaraja,0.0797342192691029,0.2407407407407407,0.0086455331412103,0.1445086705202312,0.0769230769230769,-6.5972285,106.8291232,0
kabupaten bogor,tajurhalang,0.0066445182724252,0.0925925925925925,0.0,0.0115606936416184,0.0,-6.47125,106.7715,0
kabupaten bogor,tamansari,0.0531561461794019,0.6851851851851851,0.0,0.0693641618497109,0.0256410256410256,-6.6450597,106.7656102,0
kabupaten bogor,tanjungsari,0.0,0.074074074074074,0.0014409221902017,0.0751445086705202,0.0256410256410256,-6.610822,107.138047,0
kabupaten bogor,tenjo,0.0066445182724252,0.074074074074074,0.0057636887608069,0.0115606936416184,0.0,-6.326875,106.4631601,0
kabupaten bogor,tenjolaya,0.0132890365448504,0.1851851851851851,0.0244956772334293,0.1213872832369942,0.0256410256410256,-6.619836,106.695157,0
kabupaten ciamis,banjaranyar,0.0398671096345514,0.1481481481481481,0.1440922190201729,0.1907514450867052,0.1282051282051282,-7.5102946,108.5485483,0
kabupaten ciamis,banjarsari,0.0664451827242525,0.3703703703703703,0.0403458213256484,0.0,0.0512820512820512,-7.48866,108.6151386,0
kabupaten ciamis,baregbeg,0.0199335548172757,0.1666666666666666,0.0129682997118155,0.1040462427745664,0.0512820512820512,-7.3026769,108.362123,0
kabupaten ciamis,ciamis,0.0033222591362126,0.037037037037037,0.0014409221902017,0.0231213872832369,0.0,-7.32651,108.357063,0
kabupaten ciamis,cidolog,0.0166112956810631,0.2592592592592592,0.0619596541786743,0.0982658959537572,0.0512820512820512,-7.4116706,108.4467189,0
kabupaten ciamis,cihaurbeuti,0.0365448504983388,0.2222222222222222,0.031700288184438,0.1791907514450867,0.0512820512820512,-7.223913,108.2022352,0
kabupaten ciamis,cijeungjing,0.0033222591362126,1.0,0.085014409221902,0.0809248554913294,0.1282051282051282,-7.3346309,108.4174281,-1
kabupaten ciamis,cikoneng,0.0,0.1851851851851851,0.0360230547550432,0.1676300578034682,0.0512820512820512,-7.3096193,108.2670658,0
kabupaten ciamis,cimaragas,0.0166112956810631,0.1296296296296296,0.0072046109510086,0.0404624277456647,0.0512820512820512,-7.3726826,108.4590417,0
kabupaten ciamis,cipaku,0.0,0.2037037037037037,0.0043227665706051,0.2601156069364161,0.0256410256410256,-7.2219733,108.3324445,0
kabupaten ciamis,cisaga,0.0099667774086378,0.3148148148148147,0.0417867435158501,0.0578034682080924,0.1794871794871795,-7.346784,108.5154672,0
kabupaten ciamis,jatinagara,0.0033222591362126,0.1111111111111111,0.0187319884726224,0.0693641618497109,0.0,-7.1727764,108.4188244,0
kabupaten ciamis,kawali,0.0066445182724252,0.2222222222222222,0.0100864553314121,0.0635838150289017,0.0,-7.1856952,108.3692607,0
kabupaten ciamis,lakbok,0.0365448504983388,0.7222222222222222,0.0403458213256484,0.0115606936416184,0.0256410256410256,-7.400122,108.644651,0
kabupaten ciamis,lumbung,0.0033222591362126,0.1666666666666666,0.0100864553314121,0.1040462427745664,0.0,-7.1623986,108.3287772,0
kabupaten ciamis,pamarican,0.0299003322259136,0.1481481481481481,0.0129682997118155,0.0404624277456647,0.0512820512820512,-7.457431,108.5236228,0
kabupaten ciamis,panawangan,0.0,0.1851851851851851,0.0172910662824207,0.2601156069364161,0.0,-7.1173411,108.3810779,0
kabupaten ciamis,panjalu,0.0166112956810631,0.037037037037037,0.0043227665706051,0.0751445086705202,0.0,-7.1349686,108.2694939,0
kabupaten ciamis,panumbangan,0.1129568106312292,0.2962962962962963,0.0417867435158501,0.3063583815028901,0.1025641025641025,-7.1600761,108.2023805,0
kabupaten ciamis,purwadadi,0.0697674418604651,0.2962962962962963,0.0590778097982708,0.0809248554913294,0.0256410256410256,-7.4496911,108.6547118,0
kabupaten ciamis,rajadesa,0.0099667774086378,0.2407407407407407,0.0288184438040345,0.1618497109826589,0.0512820512820512,7.1828604,108.4349084,0
kabupaten ciamis,rancah,0.0132890365448504,0.6296296296296295,0.0374639769452449,0.1734104046242774,0.0512820512820512,-7.1976484,108.5036054,0
kabupaten ciamis,sadananya,0.0033222591362126,0.1851851851851851,0.015850144092219,0.1213872832369942,0.0256410256410256,-7.233988,108.30935,0
kabupaten ciamis,sindangkasih,0.0,0.1111111111111111,0.0216138328530259,0.1445086705202312,0.0256410256410256,-7.3036716,108.2443341,0
kabupaten ciamis,sukadana,0.0598006644518272,0.2222222222222222,0.0389048991354466,0.1271676300578034,0.0769230769230769,-7.2617894,108.4321846,0
kabupaten ciamis,sukamantri,0.0066445182724252,0.1111111111111111,0.0144092219020172,0.0867052023121387,0.0,-7.085193,108.2715196,0
kabupaten ciamis,tambaksari,0.0033222591362126,0.1481481481481481,0.0072046109510086,0.1213872832369942,0.0,-7.2487038,108.5355858,0
kabupaten cianjur,agrabinta,0.0797342192691029,0.2407407407407407,0.0778097982708933,0.2196531791907514,0.0256410256410256,-7.40654,106.897369,0
kabupaten cianjur,bojongpicung,0.0232558139534883,0.0555555555555555,0.0201729106628242,0.1040462427745664,0.1538461538461538,-6.8508819,107.2698802,0
kabupaten cianjur,campaka,0.0,0.0555555555555555,0.0619596541786743,0.2427745664739884,0.3333333333333333,-7.0118954,107.1437942,0
kabupaten cianjur,campakamulya,0.0,0.0,0.0216138328530259,0.1156069364161849,0.0512820512820512,-7.0758486,107.1733902,0
kabupaten cianjur,cianjur,0.0066445182724252,0.0,1.0,0.0231213872832369,0.0,-6.824096,107.1374006,-1
kabupaten cianjur,cibeber,0.0265780730897009,0.2962962962962963,0.0489913544668587,0.1098265895953757,0.1282051282051282,-6.9397838,107.1322319,0
kabupaten cianjur,cibinong,0.0232558139534883,0.0185185185185185,0.1181556195965417,0.2716763005780346,0.1794871794871795,-6.8599337,107.1473954,0
kabupaten cianjur,cidaun,0.0199335548172757,0.074074074074074,0.0648414985590778,0.2023121387283236,0.1538461538461538,-7.4905106,107.3453951,0
kabupaten cianjur,cijati,0.0299003322259136,0.0,0.0461095100864553,0.1271676300578034,0.1282051282051282,-7.2604386,107.0349386,0
kabupaten cianjur,cikadu,0.0,0.0,0.0446685878962536,0.1849710982658959,0.2564102564102564,-7.3227676,107.2564368,0
kabupaten cianjur,cikalongkulon,0.0099667774086378,0.037037037037037,0.0835734870317002,0.1329479768786127,0.1794871794871795,-6.7133126,107.2150384,0
kabupaten cianjur,cilaku,0.0166112956810631,0.1481481481481481,0.0706051873198847,0.0115606936416184,0.0,-6.8773679,107.1309149,0
kabupaten cianjur,cipanas,0.0166112956810631,0.037037037037037,0.0057636887608069,0.0867052023121387,0.1538461538461538,-6.7304753,107.0402563,0
kabupaten cianjur,ciranjang,0.0166112956810631,0.0925925925925925,0.0043227665706051,0.0,0.0512820512820512,-6.8132408,107.2514883,0
kabupaten cianjur,cugenang,0.0166112956810631,0.2777777777777778,0.2060518731988472,0.2716763005780346,0.1025641025641025,-6.7989122,107.0784751,0
kabupaten cianjur,gekbrong,0.0,0.0,0.0057636887608069,0.0,0.0,-6.8673362,107.0325409,0
kabupaten cianjur,haurwangi,0.0,0.1296296296296296,0.0259365994236311,0.0,0.0512820512820512,-6.8189401,107.3000845,0
kabupaten cianjur,kadupandak,0.0132890365448504,0.1296296296296296,0.0821325648414985,0.3236994219653179,0.2564102564102564,-7.2613266,107.0474378,0
kabupaten cianjur,karangtengah,0.0465116279069767,0.3703703703703703,0.1095100864553314,0.0173410404624277,0.1282051282051282,-7.2811086,107.0841246,0
kabupaten cianjur,leles,0.0431893687707641,0.1111111111111111,0.1181556195965417,0.2716763005780346,0.2564102564102564,-7.3729276,106.982177,0
kabupaten cianjur,mande,0.0498338870431893,0.2222222222222222,0.0720461095100864,0.2138728323699421,0.0769230769230769,-6.737017,107.248023,0
kabupaten cianjur,naringgul,0.0,0.0,0.0244956772334293,0.2369942196531791,0.0,-7.3342038,107.3280381,0
kabupaten cianjur,pacet,0.1029900332225913,0.1481481481481481,0.1123919308357348,0.0693641618497109,0.0512820512820512,-7.3471205,107.3982078,0
kabupaten cianjur,pagelaran,0.0066445182724252,0.0555555555555555,0.0922190201729106,0.2254335260115607,0.2051282051282051,-7.2022454,107.1433953,0
kabupaten cianjur,pasirkuda,0.0,0.1111111111111111,0.0576368876080691,0.1618497109826589,0.5128205128205128,-7.204514,107.207594,0
kabupaten cianjur,sindangbarang,0.0431893687707641,0.0,0.0360230547550432,0.1098265895953757,0.0,-7.4515657,107.1348739,0
kabupaten cianjur,sukaluyu,0.0099667774086378,0.0555555555555555,0.0043227665706051,0.0173410404624277,0.0512820512820512,-7.2923247,107.0126472,0
kabupaten cianjur,sukanagara,0.0431893687707641,0.2777777777777778,0.0403458213256484,0.1445086705202312,0.0256410256410256,-7.1008008,107.1292125,0
kabupaten cianjur,sukaresmi,0.0033222591362126,0.1296296296296296,0.0230547550432276,0.2138728323699421,0.2051282051282051,-7.154288,107.0516392,0
kabupaten cianjur,takokak,0.0265780730897009,0.1296296296296296,0.0216138328530259,0.1271676300578034,0.1538461538461538,-7.0515646,107.0006078,0
kabupaten cianjur,tanggeung,0.0066445182724252,0.0555555555555555,0.0288184438040345,0.1329479768786127,0.1025641025641025,-7.262166,107.119364,0
kabupaten cianjur,warungkondang,0.0033222591362126,0.1296296296296296,0.0417867435158501,0.0231213872832369,0.1025641025641025,-6.8695549,107.094925,0
kabupaten cirebon,arjawinangun,0.0232558139534883,0.0,0.0,0.0,0.0,-6.6468482,108.4092794,0
kabupaten cirebon,astanajapura,0.2159468438538206,0.0,0.0028818443804034,0.0,0.0,-6.8017964,108.63261,0
kabupaten cirebon,babakan,0.0132890365448504,0.0185185185185185,0.0,0.0,0.0,-6.8718909,108.7213096,0
kabupaten cirebon,beber,0.0,0.0,0.0,0.0,0.0,-6.8165567,108.5237937,0
kabupaten cirebon,ciledug,0.0764119601328903,0.0925925925925925,0.0,0.0,0.0,-6.9001235,108.749812,0
kabupaten cirebon,ciwaringin,0.0465116279069767,0.0,0.0,0.0173410404624277,0.0,-6.694891,108.3747029,0
kabupaten cirebon,depok,0.0,0.0,0.0,0.0,0.0,-6.7307393,108.4352783,0
kabupaten cirebon,dukupuntang,0.0,0.074074074074074,0.0,0.0520231213872832,0.0769230769230769,-6.7687321,108.4149646,0
kabupaten cirebon,gebang,0.2458471760797342,0.0185185185185185,0.0,0.0,0.0,-6.820937,108.7260129,0
kabupaten cirebon,gegesik,0.1262458471760797,0.0555555555555555,0.0,0.0,0.0,-6.5940534,108.4200005,0
kabupaten cirebon,gempol,0.0265780730897009,0.1111111111111111,0.0028818443804034,0.0057803468208092,0.0,-6.7045979,108.4185871,0
kabupaten cirebon,greged,0.0099667774086378,0.0,0.0028818443804034,0.0578034682080924,0.0,-6.820195,108.5595098,0
kabupaten cirebon,gunung jati,0.0930232558139534,0.1111111111111111,0.0,0.0,0.0256410256410256,-6.674259,108.542707,0
kabupaten cirebon,jamblang,0.0498338870431893,0.0925925925925925,0.0115273775216138,0.0,0.0512820512820512,-6.7059613,108.4489497,0
kabupaten cirebon,kaliwedi,0.0033222591362126,0.0,0.0,0.0,0.0256410256410256,-6.5960646,108.3826929,0
kabupaten cirebon,kapetakan,0.0166112956810631,0.074074074074074,0.0,0.0,0.0,-6.564707,108.5044634,0
kabupaten cirebon,karangsembung,0.0033222591362126,0.0555555555555555,0.0,0.0,0.0,-6.8451389,108.6500249,0
kabupaten cirebon,karangwareng,0.1063122923588039,0.037037037037037,0.0,0.0,0.0,-6.8673443,108.6446355,0
kabupaten cirebon,kedawung,0.1395348837209302,0.0185185185185185,0.0,0.0,0.0,-6.7127481,108.5320267,0
kabupaten cirebon,klangenan,0.0132890365448504,0.0,0.0,0.0,0.0,-6.6844667,108.4487966,0
kabupaten cirebon,lemahabang,0.1029900332225913,0.0555555555555555,0.0,0.0462427745664739,0.1794871794871795,-6.8202523,108.6360025,0
kabupaten cirebon,losari,0.0365448504983388,0.2037037037037037,0.0043227665706051,0.0,0.0512820512820512,-6.832347,108.781279,0
kabupaten cirebon,mundu,0.1162790697674418,0.1851851851851851,0.0,0.0404624277456647,0.0,-6.761217,108.597024,0
kabupaten cirebon,pabedilan,0.0631229235880398,0.0,0.0,0.0,0.0,-6.8569775,108.7603257,0
kabupaten cirebon,pabuaran,0.0465116279069767,0.0,0.0,0.0,0.0,-6.9051209,108.7257152,0
kabupaten cirebon,palimanan,0.0,0.0,0.0,0.0,0.1538461538461538,-6.707909,108.4331717,0
kabupaten cirebon,pangenan,0.0930232558139534,0.0,0.0,0.0,0.0,-6.8084777,108.6845592,0
kabupaten cirebon,panguragan,0.0365448504983388,0.0555555555555555,0.0,0.0,0.0,-6.6222252,108.4543351,0
kabupaten cirebon,pasaleman,0.0299003322259136,0.0,0.0,0.0173410404624277,0.0,-6.9236681,108.7323017,0
kabupaten cirebon,plered,0.1029900332225913,0.0,0.0,0.0,0.0,-6.688444,108.501371,0
kabupaten cirebon,plumbon,0.4152823920265781,0.0555555555555555,0.0,0.0,0.0,-6.7031397,108.473107,0
kabupaten cirebon,sedong,0.0099667774086378,0.0555555555555555,0.0086455331412103,0.0520231213872832,0.0769230769230769,-6.8662565,108.5852572,0
kabupaten cirebon,sumber,0.0,0.0555555555555555,0.0043227665706051,0.0693641618497109,0.0,-6.7574407,108.4811575,0
kabupaten cirebon,suranenggala,0.0332225913621262,0.0,0.0,0.0,0.0,-6.6167768,108.5221132,0
kabupaten cirebon,susukan,0.0564784053156146,0.2222222222222222,0.0028818443804034,0.0173410404624277,0.0,-6.6312115,108.3764269,0
kabupaten cirebon,susukan lebak,0.0033222591362126,0.1296296296296296,0.0,0.0578034682080924,0.0769230769230769,-6.8658143,108.6201862,0
kabupaten cirebon,talun,0.0398671096345514,0.0,0.0,0.0115606936416184,0.0,-6.77641,108.505375,0
kabupaten cirebon,tengah tani,0.0963455149501661,0.0,0.0,0.0,0.0,-6.706987,108.522739,0
kabupaten cirebon,waled,1.0,0.1666666666666666,0.0,0.0,0.0256410256410256,-6.9177436,108.7136573,-1
kabupaten cirebon,weru,0.0099667774086378,0.0,0.0,0.0,0.0,-6.7099397,108.5058314,0
kabupaten garut,banjarwangi,0.0730897009966777,0.0,0.1714697406340057,0.722543352601156,0.2564102564102564,-7.4369719,107.9088789,0
kabupaten garut,banyuresmi,0.0598006644518272,0.0,0.0,0.0115606936416184,0.0,-7.158997,107.937702,0
kabupaten garut,bayongbong,0.0531561461794019,0.074074074074074,0.0374639769452449,0.1618497109826589,0.1538461538461538,-7.248617,107.877963,0
kabupaten garut,bl. limbangan,0.0132890365448504,0.0,0.0028818443804034,0.1560693641618497,0.1538461538461538,-7.0308695,107.9709008,0
kabupaten garut,bungbulang,0.0,0.037037037037037,0.0605187319884726,0.4104046242774566,0.0769230769230769,-7.433216,107.698983,0
kabupaten garut,caringin,0.0,0.0,0.0028818443804034,0.0346820809248554,0.0,-7.511621,107.495817,0
kabupaten garut,cibalong,0.0531561461794019,0.0185185185185185,0.0576368876080691,0.1329479768786127,0.0256410256410256,-7.656773,107.84563,0
kabupaten garut,cibatu,0.0564784053156146,0.0,0.0086455331412103,0.0578034682080924,0.1538461538461538,-7.1013954,107.9787745,0
kabupaten garut,cibiuk,0.0,0.1111111111111111,0.0086455331412103,0.0115606936416184,0.1025641025641025,-7.081684,107.959753,0
kabupaten garut,cigedug,0.0199335548172757,0.0,0.0129682997118155,0.0462427745664739,0.0769230769230769,-7.319462,107.80594,0
kabupaten garut,cihurip,0.0,0.0555555555555555,0.0806916426512968,0.1502890173410404,0.0256410256410256,-7.486169,107.840742,0
kabupaten garut,cikajang,0.0963455149501661,0.0,0.0187319884726224,0.2658959537572254,0.0,-7.356596,107.8071209,0
kabupaten garut,cikelet,0.0797342192691029,0.037037037037037,0.0345821325648414,0.2023121387283236,0.1538461538461538,-7.577654,107.706286,0
kabupaten garut,cilawu,0.0033222591362126,0.1666666666666666,0.0677233429394812,0.5549132947976878,0.0512820512820512,-7.28072,107.9213739,0
kabupaten garut,cisewu,0.0099667774086378,0.1666666666666666,0.0936599423631123,0.3526011560693641,0.2051282051282051,-7.351647,107.50237,0
kabupaten garut,cisompet,0.0,0.037037037037037,0.0835734870317002,0.2369942196531791,0.8461538461538461,-7.523589,107.804589,1
kabupaten garut,cisurupan,0.0863787375415282,0.074074074074074,0.0533141210374639,0.1907514450867052,0.1025641025641025,-7.258792,107.77778,0
kabupaten garut,kadungora,0.0132890365448504,0.1111111111111111,0.0100864553314121,0.0693641618497109,0.3076923076923077,-7.068688,107.898967,0
kabupaten garut,karangpawitan,0.0564784053156146,0.0925925925925925,0.0547550432276657,0.1560693641618497,0.1025641025641025,-7.194635,107.948901,0
kabupaten garut,karangtengah,0.0398671096345514,0.0,0.0230547550432276,0.0809248554913294,0.0512820512820512,-7.1617367,108.0374195,0
kabupaten garut,kersamanah,0.0,0.0,0.0,0.0,0.0,-7.075684,108.037449,0
kabupaten garut,leles,0.2591362126245847,0.037037037037037,0.0057636887608069,0.0809248554913294,0.3846153846153846,-7.10914,107.892865,0
kabupaten garut,leuwigoong,0.0,0.0,0.0,0.0,0.0769230769230769,-7.0979947,107.9590264,0
kabupaten garut,malangbong,0.0431893687707641,0.1851851851851851,0.0489913544668587,0.3236994219653179,0.2051282051282051,-7.062571,108.061353,0
kabupaten garut,mekarmukti,0.0099667774086378,0.0555555555555555,0.0331412103746397,0.2254335260115607,0.0769230769230769,-7.538171,107.535553,0
kabupaten garut,pakenjeng,0.0099667774086378,0.1481481481481481,0.0994236311239193,0.3121387283236994,0.1794871794871795,-7.410533,107.731502,0
kabupaten garut,pameungpeuk,0.0863787375415282,0.1296296296296296,0.0172910662824207,0.0578034682080924,0.2307692307692307,-7.6404546,107.7245437,0
kabupaten garut,pamulihan,0.0,0.0555555555555555,0.0129682997118155,0.0751445086705202,0.0,-7.265605,107.776234,0
kabupaten garut,pangatikan,0.0,0.0925925925925925,0.0043227665706051,0.0693641618497109,0.2051282051282051,-7.1638939,107.994119,0
kabupaten garut,pasirwangi,0.0066445182724252,0.0185185185185185,0.0576368876080691,0.2254335260115607,0.0,-7.215768,107.803976,0
kabupaten garut,peundeuy,0.0,0.0,0.0893371757925072,0.3526011560693641,0.0769230769230769,-7.527353,107.887584,0
kabupaten garut,samarang,0.0132890365448504,0.0925925925925925,0.0345821325648414,0.0404624277456647,0.0,-7.2163671,107.8381696,0
kabupaten garut,selaawi,0.0166112956810631,0.0925925925925925,0.0014409221902017,0.2023121387283236,0.1538461538461538,-7.0130521,108.0298808,0
kabupaten garut,singajaya,0.0132890365448504,0.0,0.0100864553314121,0.2023121387283236,0.2307692307692307,-7.452554,107.937442,0
kabupaten garut,sucinaraja,0.0,0.0555555555555555,0.0,0.0867052023121387,0.0,-7.2148828,108.0026362,0
kabupaten garut,sukaresmi,0.0265780730897009,0.0,0.0086455331412103,0.1387283236994219,0.0256410256410256,-7.251793,107.758429,0
kabupaten garut,sukawening,0.0265780730897009,0.1111111111111111,0.0533141210374639,0.1791907514450867,0.0769230769230769,-7.136744,107.998649,0
kabupaten garut,talegong,0.0,0.0,0.0,0.1271676300578034,0.1025641025641025,-7.29267,107.533429,0
kabupaten garut,tarogong kaler,0.1960132890365448,0.4629629629629629,0.0374639769452449,0.1849710982658959,0.2307692307692307,-7.19353,107.876527,0
kabupaten garut,tarogong kidul,0.0033222591362126,0.0,0.0,0.0115606936416184,0.0,-7.216307,107.881229,0
kabupaten garut,wanaraja,0.0564784053156146,0.0,0.0187319884726224,0.0404624277456647,0.0,-7.1732146,107.9816913,0
kabupaten indramayu,anjatan,0.0764119601328903,0.3518518518518518,0.0,0.0,0.0,-6.3438972,107.9561819,0
kabupaten indramayu,arahan,0.0099667774086378,0.0,0.0,0.0,0.0,-6.3621375,108.2734563,0
kabupaten indramayu,balongan,0.0066445182724252,0.0185185185185185,0.0,0.0,0.0,-6.3577966,108.3803792,0
kabupaten indramayu,bangodua,0.0299003322259136,0.0555555555555555,0.0,0.0,0.0,-6.5390839,108.337827,0
kabupaten indramayu,bongas,0.0299003322259136,0.0,0.0,0.0,0.0,-6.3782304,108.00873,0
kabupaten indramayu,cantigi,0.132890365448505,0.074074074074074,0.0,0.0,0.0,-6.3467256,108.2514539,0
kabupaten indramayu,cikedung,0.0033222591362126,0.0,0.0,0.0,0.0,-6.4923702,108.1765582,0
kabupaten indramayu,gabuswetan,0.0166112956810631,0.0,0.0,0.0115606936416184,0.0,-6.4223706,108.0804309,0
kabupaten indramayu,gantar,0.0099667774086378,0.4074074074074074,0.0,0.0173410404624277,0.0512820512820512,-6.515937,107.9752864,0
kabupaten indramayu,haurgeulis,0.0598006644518272,0.3148148148148147,0.0,0.0,0.1538461538461538,-6.4603583,107.9432936,0
kabupaten indramayu,indramayu,0.0697674418604651,0.0555555555555555,0.0,0.0,0.0,-6.476394,108.312126,0
kabupaten indramayu,jatibarang,0.0099667774086378,0.0,0.0,0.0,0.0,-6.4746712,108.3035213,0
kabupaten indramayu,juntinyuat,0.0066445182724252,0.3518518518518518,0.0028818443804034,0.0,0.0256410256410256,-6.4317505,108.4373443,0
kabupaten indramayu,kandanghaur,0.1196013289036544,0.0,0.0,0.0,0.0,-6.3546758,108.1062901,0
kabupaten indramayu,karangampel,0.0,0.0,0.0,0.0,0.0,-6.4635466,108.4402332,0
kabupaten indramayu,kedokan bunder,0.0033222591362126,0.0,0.0,0.0,0.0,-6.505193,108.419447,0
kabupaten indramayu,kertasemaya,0.0465116279069767,0.0925925925925925,0.0014409221902017,0.0,0.0,-6.5315027,108.353915,0
kabupaten indramayu,krangkeng,0.0232558139534883,0.0185185185185185,0.0,0.0,0.0,-6.4975981,108.4884825,0
kabupaten indramayu,kroya,0.0265780730897009,0.2222222222222222,0.0,0.0,0.0,-6.4949579,108.0629203,0
kabupaten indramayu,lelea,0.0066445182724252,0.0,0.0,0.0,0.0,-6.419885,108.2505027,0
kabupaten indramayu,lohbener,0.0166112956810631,0.0,0.0,0.0,0.0,-6.399684,108.2832652,0
kabupaten indramayu,losarang,0.0730897009966777,0.0,0.0,0.0,0.0,-6.382367,108.177964,0
kabupaten indramayu,pasekan,0.0099667774086378,0.0,0.0,0.0,0.0,-6.3033126,108.3288842,0
kabupaten indramayu,patrol,0.0365448504983388,0.0,0.0,0.0,0.0,-6.3149806,107.9943791,0
kabupaten indramayu,sindang,0.0664451827242525,0.0185185185185185,0.0,0.0,0.0,-6.3335548,108.3204114,0
kabupaten indramayu,sliyeg,0.0099667774086378,0.0,0.0,0.0,0.0,-6.4556927,108.3507808,0
kabupaten indramayu,sukagumiwang,0.0564784053156146,0.2222222222222222,0.0,0.0,0.0256410256410256,-6.5776571,108.318859,0
kabupaten indramayu,sukra,0.0166112956810631,0.0,0.0,0.0,0.0,-6.3056065,107.9336903,0
kabupaten indramayu,trisi,0.0365448504983388,0.1296296296296296,0.0,0.0115606936416184,0.0512820512820512,-6.476394,108.312126,0
kabupaten indramayu,tukdana,0.0398671096345514,0.0185185185185185,0.0014409221902017,0.0173410404624277,0.0,-6.5418031,108.2873057,0
kabupaten indramayu,widasari,0.0365448504983388,0.0,0.0,0.0,0.0,-6.4741209,108.2849138,0
kabupaten karawang,banyusari,0.0531561461794019,0.2222222222222222,0.0,0.0,0.0,-6.285391,107.538013,0
kabupaten karawang,batujaya,0.0930232558139534,0.1481481481481481,0.0,0.0057803468208092,0.0769230769230769,-6.0714758,107.1734618,0
kabupaten karawang,ciampel,0.0398671096345514,0.0925925925925925,0.0043227665706051,0.0520231213872832,0.0256410256410256,-6.460936,107.334672,0
kabupaten karawang,cibuaya,0.132890365448505,0.4444444444444444,0.0129682997118155,0.0057803468208092,0.0,-6.0559103,107.3546371,0
kabupaten karawang,cikampek,0.0398671096345514,0.0925925925925925,0.0,0.0,0.0,-6.4069025,107.4617922,0
kabupaten karawang,cilamaya kulon,0.1162790697674418,0.3703703703703703,0.0,0.0,0.0,-6.226563,107.504237,0
kabupaten karawang,cilamaya wetan,0.1727574750830564,0.4259259259259259,0.0,0.0057803468208092,0.0512820512820512,-6.242392,107.5863,0
kabupaten karawang,cilebar,0.0498338870431893,0.4074074074074074,0.0,0.0,0.0,-6.138917,107.390584,0
kabupaten karawang,jatisari,0.0299003322259136,0.0,0.0,0.0,0.0,-6.3644773,107.5293731,0
kabupaten karawang,jayakerta,0.0299003322259136,0.1851851851851851,0.0,0.0,0.0256410256410256,-6.0906804,107.3120533,0
kabupaten karawang,karawang timur,0.0299003322259136,0.0,0.0,0.0,0.0,-6.266986,107.332616,0
kabupaten karawang,klari,0.0,0.0,0.0,0.0231213872832369,0.0,-6.35415,107.342798,0
kabupaten karawang,kota baru,0.0099667774086378,0.037037037037037,0.0,0.0,0.0512820512820512,-6.399635,107.484898,0
kabupaten karawang,kutawaluya,0.0465116279069767,0.074074074074074,0.0,0.0,0.0,-6.166162,107.337106,0
kabupaten karawang,lemahabang,0.0066445182724252,0.3148148148148147,0.0,0.0,0.0256410256410256,-6.2879494,107.4519021,0
kabupaten karawang,majalaya,0.0,0.0,0.0,0.0,0.0,-6.268176,107.366553,0
kabupaten karawang,pakisjaya,0.0697674418604651,0.0185185185185185,0.0014409221902017,0.0,0.0,-6.003527,107.1482124,0
kabupaten karawang,pangkalan,0.0598006644518272,0.2037037037037037,0.0,0.0346820809248554,0.4102564102564102,-6.5017,107.21927,0
kabupaten karawang,pedes,0.0730897009966777,0.2962962962962963,0.0,0.0,0.0,-6.10333,107.3651281,0
kabupaten karawang,purwasari,0.0365448504983388,0.1666666666666666,0.0043227665706051,0.0,0.0256410256410256,-6.3891076,107.4094033,0
kabupaten karawang,rawamerta,0.0,0.0,0.0,0.0,0.0,-6.2454357,107.3602009,0
kabupaten karawang,rengasdengklok,0.0697674418604651,0.0,0.0,0.0,0.0,-6.1539406,107.2942982,0
kabupaten karawang,tegalwaru,0.0066445182724252,0.0925925925925925,0.0086455331412103,0.0578034682080924,0.0,-6.270251,107.5683513,0
kabupaten karawang,telagasari,0.0099667774086378,0.1296296296296296,0.0,0.0173410404624277,0.0,-6.4592195,108.2378716,0
kabupaten karawang,telukjambe barat,0.1295681063122923,0.0,0.0,0.0404624277456647,0.0,-6.3363148,107.314024,0
kabupaten karawang,telukjambe timur,0.0930232558139534,0.0185185185185185,0.0,0.0115606936416184,0.0256410256410256,-6.343452,107.296377,0
kabupaten karawang,tempuran,0.1461794019933555,0.3333333333333333,0.0043227665706051,0.0,0.0,-6.1929994,107.4684679,0
kabupaten karawang,tirtajaya,0.0564784053156146,0.2592592592592592,0.0,0.0,0.0,-6.045243,107.234552,0
kabupaten karawang,tirtamulya,0.0465116279069767,0.4074074074074074,0.0014409221902017,0.0115606936416184,0.1025641025641025,-6.337084,107.449801,0
kabupaten kuningan,ciawigebang,0.0166112956810631,0.0185185185185185,0.0014409221902017,0.0404624277456647,0.0256410256410256,-6.9732586,108.5828556,0
kabupaten kuningan,cibeureum,0.0132890365448504,0.0185185185185185,0.0,0.0231213872832369,0.1282051282051282,-7.0513827,108.7236715,0
kabupaten kuningan,cibingbin,0.0099667774086378,0.0,0.0,0.0231213872832369,0.0,-7.0547695,108.758533,0
kabupaten kuningan,cidahu,0.0265780730897009,0.0,0.0,0.0,0.0512820512820512,-6.9812109,108.6410316,0
kabupaten kuningan,cigandamekar,0.0066445182724252,0.0,0.0,0.0057803468208092,0.0512820512820512,-6.888295,108.532877,0
kabupaten kuningan,cigugur,0.0,0.0185185185185185,0.0,0.0462427745664739,0.0,-6.9702709,108.4562982,0
kabupaten kuningan,cilebak,0.0,0.0555555555555555,0.0043227665706051,0.2947976878612716,0.0512820512820512,-7.17751,108.545201,0
kabupaten kuningan,cilimus,0.0033222591362126,0.0185185185185185,0.0028818443804034,0.0057803468208092,0.1538461538461538,-6.866292,108.4977775,0
kabupaten kuningan,cimahi,0.0398671096345514,0.0,0.0,0.0635838150289017,0.0256410256410256,-6.9883843,108.6968843,0
kabupaten kuningan,ciniru,0.0,0.0,0.0,0.1560693641618497,0.0,-7.0427312,108.5005269,0
kabupaten kuningan,cipicung,0.0099667774086378,0.0,0.0043227665706051,0.0231213872832369,0.0,-6.9455203,108.542759,0
kabupaten kuningan,ciwaru,0.0299003322259136,0.0185185185185185,0.0014409221902017,0.1502890173410404,0.1025641025641025,-7.0775139,108.6271632,0
kabupaten kuningan,darma,0.0,0.0555555555555555,0.0417867435158501,0.1387283236994219,0.0256410256410256,-7.005879,108.4046547,0
kabupaten kuningan,garawangi,0.0,0.0,0.0,0.1676300578034682,0.1025641025641025,-6.9984763,108.5377144,0
kabupaten kuningan,hantara,0.0,0.0,0.0,0.2080924855491329,0.0,-7.0577705,108.4544467,0
kabupaten kuningan,jalaksana,0.0033222591362126,0.074074074074074,0.0,0.0346820809248554,0.2564102564102564,-6.923231,108.4821891,0
kabupaten kuningan,japara,0.0,0.0,0.0,0.0,0.0,-6.9025119,108.514682,0
kabupaten kuningan,kadugede,0.0,0.0,0.0028818443804034,0.0693641618497109,0.0,-7.0043371,108.4531566,0
kabupaten kuningan,kalimanggis,0.0199335548172757,0.0,0.0,0.0173410404624277,0.0,-6.960523,108.618614,0
kabupaten kuningan,karang kancana,0.0,0.037037037037037,0.0172910662824207,0.1040462427745664,0.0512820512820512,-7.0946539,108.6575744,0
kabupaten kuningan,kramatmulya,0.0,0.0,0.0,0.0,0.0,-6.936436,108.481622,0
kabupaten kuningan,kuningan,0.0,0.0,0.0,0.0173410404624277,0.0,-6.9821453,108.4768043,0
kabupaten kuningan,lebakwangi,0.0,0.074074074074074,0.0,0.0231213872832369,0.0769230769230769,-7.0170253,108.6012584,0
kabupaten kuningan,luragung,0.0033222591362126,0.0,0.0,0.0,0.0256410256410256,-7.018148,108.638096,0
kabupaten kuningan,maleber,0.0,0.037037037037037,0.0,0.3294797687861271,1.0,-7.0260712,108.5671593,1
kabupaten kuningan,mandirancan,0.0166112956810631,0.1296296296296296,0.0288184438040345,0.0635838150289017,0.0,-6.8105917,108.4698833,0
kabupaten kuningan,nusaherang,0.0,0.0,0.0,0.0578034682080924,0.0,-7.0092412,108.4441997,0
kabupaten kuningan,pancalang,0.0,0.0,0.0,0.0,0.0,-6.8215235,108.4916631,0
kabupaten kuningan,pasawahan,0.0,0.0,0.0,0.0289017341040462,0.2307692307692307,-6.8041625,108.4277596,0
kabupaten kuningan,selajambe,0.0066445182724252,0.0555555555555555,0.0043227665706051,0.3005780346820809,0.0,-7.118224,108.4617679,0
kabupaten kuningan,sindang agung,0.0,0.0555555555555555,0.0,0.0,0.0,-6.973798,108.527143,0
kabupaten kuningan,subang,0.0,0.0,0.0072046109510086,0.3410404624277456,0.0512820512820512,-7.1300214,108.532259,0
kabupaten majalengka,argapura,0.0,0.0185185185185185,0.0,0.0173410404624277,0.0,-6.89247,108.353546,0
kabupaten majalengka,banjaran,0.0,0.0,0.0086455331412103,0.3005780346820809,0.0256410256410256,-6.8749128,108.2943285,0
kabupaten majalengka,bantarujeg,0.0066445182724252,0.0,0.0,0.2601156069364161,0.0256410256410256,-6.9653068,108.2434482,0
kabupaten majalengka,cigasong,0.0,0.0,0.0,0.0115606936416184,0.0769230769230769,-6.8379247,108.2536304,0
kabupaten majalengka,cikijing,0.0398671096345514,0.0,0.0014409221902017,0.0346820809248554,0.0,-7.0191303,108.3676268,0
kabupaten majalengka,cingambul,0.0,0.0,0.0,0.0231213872832369,0.0769230769230769,-7.0445225,108.351958,0
kabupaten majalengka,dawuan,0.0531561461794019,0.0925925925925925,0.0028818443804034,0.0346820809248554,0.0,-6.7561798,108.1938386,0
kabupaten majalengka,jatitujuh,0.1229235880398671,0.5185185185185185,0.0014409221902017,0.0,0.0256410256410256,-6.6464627,108.2282063,0
kabupaten majalengka,jatiwangi,0.0,0.0185185185185185,0.0,0.0,0.0,-6.7344859,108.2553794,0
kabupaten majalengka,kadipaten,0.0265780730897009,0.0,0.0014409221902017,0.0115606936416184,0.0,-6.7639727,108.1694122,0
kabupaten majalengka,kasokandel,0.0265780730897009,0.1111111111111111,0.0043227665706051,0.0115606936416184,0.2051282051282051,-6.7627017,108.2092563,0
kabupaten majalengka,kertajati,0.0398671096345514,0.0555555555555555,0.0014409221902017,0.0115606936416184,0.0769230769230769,-6.668093,108.1920887,0
kabupaten majalengka,lemahsugih,0.0,0.0,0.0043227665706051,0.4046242774566473,0.0256410256410256,-6.997545,108.214935,0
kabupaten majalengka,leuwimunding,0.0066445182724252,0.0,0.0,0.0115606936416184,0.0512820512820512,-6.7407001,108.3458948,0
kabupaten majalengka,ligung,0.1096345514950166,0.2777777777777778,0.0,0.0231213872832369,0.0512820512820512,-6.6526785,108.2829668,0
kabupaten majalengka,maja,0.0,0.0555555555555555,0.0,0.1676300578034682,0.0512820512820512,-6.874095,108.295847,0
kabupaten majalengka,majalengka,0.0,0.0,0.0,0.0057803468208092,0.0,-6.834012,108.227631,0
kabupaten majalengka,malausma,0.0,0.0555555555555555,0.0014409221902017,0.1387283236994219,0.0769230769230769,-7.043699,108.2518894,0
kabupaten majalengka,palasah,0.0,0.0,0.0,0.0,0.0,-6.7021054,108.1291849,0
kabupaten majalengka,panyingkiran,0.0199335548172757,0.0,0.0,0.0173410404624277,0.0,-6.8060419,108.1897411,0
kabupaten majalengka,rajagaluh,0.0,0.0,0.0,0.0578034682080924,0.1794871794871795,-6.7850891,108.3423681,0
kabupaten majalengka,sindang,0.0,0.0,0.0115273775216138,0.1560693641618497,0.4102564102564102,-6.8360948,108.3241028,0
kabupaten majalengka,sindangwangi,0.0,0.0555555555555555,0.0,0.0231213872832369,0.1538461538461538,-6.7934958,108.3772197,0
kabupaten majalengka,sukahaji,0.0,0.0,0.0,0.0346820809248554,0.0512820512820512,-6.8148085,108.2882594,0
kabupaten majalengka,sumberjaya,0.0764119601328903,0.0555555555555555,0.0014409221902017,0.0462427745664739,0.0769230769230769,-6.7105514,108.3259545,0
kabupaten majalengka,talaga,0.0,0.0,0.0,0.0115606936416184,0.0,-6.985917,108.309908,0
kabupaten pangandaran,cigugur,0.0066445182724252,0.0,0.0,0.0173410404624277,0.0256410256410256,-7.6330675,108.4180328,0
kabupaten pangandaran,cijulang,0.0531561461794019,0.1296296296296296,0.0533141210374639,0.0231213872832369,0.1794871794871795,-7.7272437,108.4727186,0
kabupaten pangandaran,cimerak,0.0299003322259136,0.074074074074074,0.1383285302593659,0.0289017341040462,0.0,-7.7574272,108.4386522,0
kabupaten pangandaran,kalipucang,0.0664451827242525,0.0185185185185185,0.0590778097982708,0.0578034682080924,0.0256410256410256,-7.6451111,108.7533032,0
kabupaten pangandaran,langkaplancar,0.0498338870431893,0.7777777777777777,0.1066282420749279,0.2947976878612716,0.0512820512820512,-7.5319617,108.3863509,0
kabupaten pangandaran,mangunjaya,0.0365448504983388,0.2222222222222222,0.0129682997118155,0.0115606936416184,0.0,-7.4865747,108.6974902,0
kabupaten pangandaran,padaherang,0.0996677740863787,0.4444444444444444,0.0936599423631123,0.1213872832369942,0.1538461538461538,-7.5459245,108.6897517,0
kabupaten pangandaran,pangandaran,0.0299003322259136,0.1851851851851851,0.0864553314121037,0.0115606936416184,0.0,-7.689824,108.660496,0
kabupaten pangandaran,parigi,0.0332225913621262,0.1296296296296296,0.0288184438040345,0.0115606936416184,0.0256410256410256,-7.7018624,108.4945416,0
kabupaten pangandaran,sidamulih,0.0199335548172757,0.0925925925925925,0.1786743515850144,0.0520231213872832,0.0,-7.6425754,108.6067464,0
kabupaten purwakarta,babakancikao,0.0465116279069767,0.1111111111111111,0.0115273775216138,0.0404624277456647,0.0,-6.5081051,107.4215269,0
kabupaten purwakarta,bojong,0.0,0.2037037037037037,0.0144092219020172,0.1849710982658959,0.0512820512820512,-6.703736,107.509603,0
kabupaten purwakarta,bungursari,0.0,0.1481481481481481,0.0,0.0,0.0,-6.43941,107.502822,0
kabupaten purwakarta,campaka,0.0033222591362126,0.037037037037037,0.0028818443804034,0.0289017341040462,0.0256410256410256,-6.438113,107.51704,0
kabupaten purwakarta,cibatu,0.0332225913621262,0.2222222222222222,0.0043227665706051,0.0289017341040462,0.1282051282051282,-6.514005,107.518827,0
kabupaten purwakarta,darangdan,0.0,0.1296296296296296,0.0115273775216138,0.0809248554913294,0.0769230769230769,-6.6914228,107.4356853,0
kabupaten purwakarta,jatiluhur,0.0697674418604651,0.0555555555555555,0.0086455331412103,0.1271676300578034,0.2051282051282051,-6.5274414,107.4157977,0
kabupaten purwakarta,kiarapedes,0.0066445182724252,0.1666666666666666,0.015850144092219,0.0982658959537572,0.2051282051282051,-6.6467641,107.5740351,0
kabupaten purwakarta,maniis,0.0066445182724252,0.074074074074074,0.0100864553314121,0.0751445086705202,0.1025641025641025,-6.684603,107.3225,0
kabupaten purwakarta,pasawahan,0.0199335548172757,0.0,0.0,0.1849710982658959,0.0769230769230769,-6.5864745,107.4674567,0
kabupaten purwakarta,plered,0.0066445182724252,0.0,0.0057636887608069,0.0173410404624277,0.0256410256410256,-6.6240427,107.4228778,0
kabupaten purwakarta,pondoksalam,0.0066445182724252,0.0,0.0057636887608069,0.1907514450867052,0.0256410256410256,-6.617454,107.481109,0
kabupaten purwakarta,purwakarta,0.0,0.0555555555555555,0.0,0.0,0.0769230769230769,-6.56139,107.443806,0
kabupaten purwakarta,sukasari,0.0265780730897009,0.2407407407407407,0.0086455331412103,0.1445086705202312,0.1282051282051282,-6.600994,107.296618,0
kabupaten purwakarta,sukatani,0.0,0.037037037037037,0.0,0.1213872832369942,0.0769230769230769,-6.6085366,107.4139724,0
kabupaten purwakarta,tegalwaru,0.1129568106312292,0.0555555555555555,0.0115273775216138,0.0982658959537572,0.3076923076923077,-6.6467904,107.3423476,0
kabupaten purwakarta,wanayasa,0.0132890365448504,0.0,0.0086455331412103,0.2485549132947976,0.0512820512820512,-6.6818302,107.5576523,0
kabupaten subang,binong,0.0398671096345514,0.0,0.0,0.0,0.0,-6.413486,107.811408,0
kabupaten subang,blanakan,0.0897009966777408,0.1296296296296296,0.0,0.0173410404624277,0.0,-6.2775482,107.6594493,0
kabupaten subang,ciasem,0.1196013289036544,0.0,0.0,0.0,0.0,-6.34105,107.661611,0
kabupaten subang,ciater,0.0,0.0185185185185185,0.0,0.1098265895953757,0.1282051282051282,-6.7355736,107.6458885,0
kabupaten subang,cibogo,0.0199335548172757,0.074074074074074,0.0043227665706051,0.0693641618497109,0.0,-6.5597492,107.8076117,0
kabupaten subang,cijambe,0.0099667774086378,0.0185185185185185,0.0014409221902017,0.1271676300578034,0.0256410256410256,-6.6341692,107.7242805,0
kabupaten subang,cikaum,0.0166112956810631,0.0925925925925925,0.0,0.0,0.0512820512820512,-6.438262,107.72962,0
kabupaten subang,cipeundeuy,0.0132890365448504,0.2407407407407407,0.0,0.0231213872832369,0.1538461538461538,-6.5045521,107.5697619,0
kabupaten subang,cipunagara,0.0764119601328903,0.4629629629629629,0.0,0.0,0.0,-6.457303,107.826369,0
kabupaten subang,cisalak,0.0365448504983388,0.1296296296296296,0.0244956772334293,0.5953757225433526,0.0512820512820512,-6.707558,107.748449,0
kabupaten subang,compreng,0.0033222591362126,0.0,0.0,0.0,0.0,-6.3682836,107.87817,0
kabupaten subang,dawuan,0.0066445182724252,0.1111111111111111,0.0,0.1676300578034682,0.0256410256410256,-6.546333,107.6934334,0
kabupaten subang,jalancagak,0.0099667774086378,0.0555555555555555,0.0,0.0231213872832369,0.0256410256410256,-6.6772132,107.6881135,0
kabupaten subang,kalijati,0.0099667774086378,0.0925925925925925,0.0,0.0404624277456647,0.0256410256410256,-6.531168,107.640617,0
kabupaten subang,kasomalang,0.0,0.0925925925925925,0.0043227665706051,0.1271676300578034,0.1794871794871795,-6.6973205,107.7297316,0
kabupaten subang,legonkulon,0.0963455149501661,0.074074074074074,0.0,0.0,0.0,-6.265209,107.824124,0
kabupaten subang,pabuaran,0.0797342192691029,0.1111111111111111,0.0,0.0,0.0,-6.4043653,107.5875419,0
kabupaten subang,pagaden,0.0996677740863787,0.1666666666666666,0.0259365994236311,0.0,0.0256410256410256,-6.4546965,107.8100671,0
kabupaten subang,pagaden barat,0.0,0.0,0.0,0.0,0.0256410256410256,-6.486038,107.763706,0
kabupaten subang,pamanukan,0.0897009966777408,0.0555555555555555,0.0,0.0,0.0,-6.316354,107.837341,0
kabupaten subang,patokbeusi,0.0797342192691029,0.0,0.0,0.0,0.0,-6.379923,107.603892,0
kabupaten subang,purwadadi,0.0066445182724252,0.0925925925925925,0.0,0.0115606936416184,0.0769230769230769,-6.4518147,107.6881168,0
kabupaten subang,pusakajaya,0.0431893687707641,0.0185185185185185,0.0043227665706051,0.0,0.0,-6.2911228,107.8773296,0
kabupaten subang,pusakanagara,0.0299003322259136,0.0555555555555555,0.0,0.0,0.0,-6.284303,107.875202,0
kabupaten subang,sagalaherang,0.0,0.0,0.0,0.1907514450867052,0.0,-6.6717604,107.6557791,0
kabupaten subang,serangpanjang,0.0,0.2777777777777778,0.0172910662824207,0.1387283236994219,0.3333333333333333,-6.683706,107.599523,0
kabupaten subang,sukasari,0.0365448504983388,0.2407407407407407,0.0,0.0,0.0,-6.5426517,107.7302274,0
kabupaten subang,tambakdahan,0.0232558139534883,0.037037037037037,0.0,0.0,0.0,-6.3515677,107.8139817,0
kabupaten subang,tanjungsiang,0.0299003322259136,0.1111111111111111,0.0072046109510086,0.1618497109826589,0.282051282051282,-6.7531946,107.8111463,0
kabupaten sukabumi,bantargadung,0.0199335548172757,0.0,0.0201729106628242,0.1213872832369942,0.0,-6.9955384,106.6486162,0
kabupaten sukabumi,bojonggenteng,0.0,0.2037037037037037,0.0374639769452449,0.1907514450867052,0.0512820512820512,-7.290463,106.625967,0
kabupaten sukabumi,caringin,0.0099667774086378,0.1296296296296296,0.0821325648414985,0.2427745664739884,0.0,-6.8819947,106.8657799,0
kabupaten sukabumi,ciambar,0.0199335548172757,0.4444444444444444,0.0734870317002881,0.1618497109826589,0.0,-6.8245717,106.7932896,0
kabupaten sukabumi,cibadak,0.0531561461794019,0.074074074074074,0.0806916426512968,0.2658959537572254,0.0256410256410256,-6.8864552,106.7791812,0
kabupaten sukabumi,cibitung,0.0199335548172757,0.0,0.0619596541786743,0.0404624277456647,0.0256410256410256,-7.3258385,106.6215285,0
kabupaten sukabumi,cicantayan,0.0199335548172757,0.1851851851851851,0.1224783861671469,0.1560693641618497,0.0769230769230769,-6.9265426,106.8534605,0
kabupaten sukabumi,cicurug,0.0564784053156146,0.0555555555555555,0.0288184438040345,0.1618497109826589,0.0512820512820512,-6.7828075,106.7823553,0
kabupaten sukabumi,cidadap,0.0,0.0,0.0,0.0404624277456647,0.0512820512820512,-7.2781155,106.9356714,0
kabupaten sukabumi,cidahu,0.0697674418604651,0.3148148148148147,0.0302593659942363,0.1907514450867052,0.0,-6.7930794,106.7387438,0
kabupaten sukabumi,cidolog,0.0132890365448504,0.0185185185185185,0.0057636887608069,0.0,0.0256410256410256,-7.3172057,106.8389404,0
kabupaten sukabumi,ciemas,0.0863787375415282,0.0185185185185185,0.1613832853025936,0.0809248554913294,0.1794871794871795,-7.2328961,106.5184593,0
kabupaten sukabumi,cikakak,0.0099667774086378,0.0555555555555555,0.0504322766570605,0.2716763005780346,0.0256410256410256,-6.9502284,106.507295,0
kabupaten sukabumi,cikembar,0.0,0.0,0.0288184438040345,0.0693641618497109,0.0256410256410256,-6.9620428,106.7957278,0
kabupaten sukabumi,cikidang,0.0299003322259136,0.1666666666666666,0.0576368876080691,0.3063583815028901,0.4102564102564102,-6.895479,106.6468455,0
kabupaten sukabumi,cimanggu,0.0365448504983388,0.1481481481481481,0.0446685878962536,0.0520231213872832,0.0769230769230769,-6.9511567,106.5592503,0
kabupaten sukabumi,ciracap,0.0232558139534883,0.1111111111111111,0.0662824207492795,0.0115606936416184,0.1794871794871795,-7.3304299,106.5199626,0
kabupaten sukabumi,cireunghas,0.0099667774086378,0.0,0.0605187319884726,0.2774566473988439,0.0,-6.9483051,107.0203215,0
kabupaten sukabumi,cisaat,0.0,0.0555555555555555,0.015850144092219,0.0693641618497109,0.0,-6.9080463,106.8904844,0
kabupaten sukabumi,cisolok,0.0498338870431893,0.2407407407407407,0.0734870317002881,0.4971098265895953,0.1794871794871795,-6.893002,106.48367,0
kabupaten sukabumi,curugkembar,0.0,0.0185185185185185,0.0129682997118155,0.1329479768786127,0.1025641025641025,-7.2137142,106.9363624,0
kabupaten sukabumi,gegerbitung,0.0265780730897009,0.1481481481481481,0.0201729106628242,0.0924855491329479,0.3076923076923077,-6.9829327,107.0255469,0
kabupaten sukabumi,gunungguruh,0.0033222591362126,0.0,0.0345821325648414,0.0289017341040462,0.0256410256410256,-6.922846,106.880487,0
kabupaten sukabumi,jampangkulon,0.0166112956810631,0.074074074074074,0.031700288184438,0.0982658959537572,0.1025641025641025,-7.297599,106.646476,0
kabupaten sukabumi,jampangtengah,0.0365448504983388,0.1666666666666666,0.0734870317002881,0.2080924855491329,0.1025641025641025,-7.026079,106.799952,0
kabupaten sukabumi,kabandungan,0.0,0.1666666666666666,0.0446685878962536,0.5375722543352601,0.0,-6.7864422,106.6192023,0
kabupaten sukabumi,kadudampit,0.0,0.2962962962962963,0.1152737752161383,0.5895953757225433,0.0,-6.8468766,106.9243473,0
kabupaten sukabumi,kalapanunggal,0.0,0.074074074074074,0.063400576368876,0.1676300578034682,0.0512820512820512,-6.8292878,106.6620232,0
kabupaten sukabumi,kalibunder,0.0564784053156146,0.0925925925925925,0.0763688760806916,0.1271676300578034,0.0,-7.2628689,106.7226433,0
kabupaten sukabumi,kebonpedes,0.0,0.0185185185185185,0.0230547550432276,0.0115606936416184,0.0,-6.9357286,106.9686777,0
kabupaten sukabumi,lengkong,0.0033222591362126,0.1111111111111111,0.0446685878962536,0.0751445086705202,0.0,-7.1318506,106.6922301,0
kabupaten sukabumi,nagrak,0.0066445182724252,0.4074074074074074,0.0677233429394812,0.4450867052023121,0.0,-6.8693578,106.8041414,0
kabupaten sukabumi,nyalindung,0.0,0.0185185185185185,0.1066282420749279,0.2138728323699421,0.2051282051282051,-7.0426604,106.9434692,0
kabupaten sukabumi,pabuaran,0.0299003322259136,0.0,0.0302593659942363,0.0693641618497109,0.0769230769230769,-7.2056246,106.8351835,0
kabupaten sukabumi,palabuhanratu,0.0996677740863787,0.0925925925925925,0.0547550432276657,0.1098265895953757,0.0256410256410256,-6.9882409,106.5503728,0
kabupaten sukabumi,parakansalak,0.0,0.2037037037037037,0.0561959654178674,0.1849710982658959,0.0256410256410256,-6.7990106,106.708975,0
kabupaten sukabumi,parungkuda,0.0232558139534883,0.0555555555555555,0.0086455331412103,0.1040462427745664,0.0,-6.8483345,106.7624366,0
kabupaten sukabumi,purabaya,0.0232558139534883,0.037037037037037,0.1354466858789625,0.1040462427745664,0.0,-7.1004428,106.8800346,0
kabupaten sukabumi,sagaranten,0.0066445182724252,0.037037037037037,0.0187319884726224,0.0635838150289017,0.0512820512820512,-7.2189982,106.885584,0
kabupaten sukabumi,simpenan,0.0033222591362126,0.0,0.0389048991354466,0.1271676300578034,0.1025641025641025,-7.0264221,106.5677932,0
kabupaten sukabumi,sukabumi,0.0099667774086378,0.0925925925925925,0.0086455331412103,0.1502890173410404,0.0,-7.024884,106.565767,0
kabupaten sukabumi,sukalarang,0.0099667774086378,0.1481481481481481,0.0965417867435158,0.0057803468208092,0.0256410256410256,-6.8758767,107.0222104,0
kabupaten sukabumi,sukaraja,0.0299003322259136,0.1666666666666666,0.0518731988472622,0.1329479768786127,0.0,-6.9173592,106.9735014,0
kabupaten sukabumi,surade,0.0199335548172757,0.0185185185185185,0.1037463976945244,0.0115606936416184,0.0,-7.34159,106.562705,0
kabupaten sukabumi,tegalbuleud,0.0365448504983388,0.1481481481481481,0.0201729106628242,0.0693641618497109,0.2051282051282051,-7.4256471,106.7433602,0
kabupaten sukabumi,waluran,0.0,0.0,0.085014409221902,0.1040462427745664,0.0,-7.2202889,106.5905364,0
kabupaten sukabumi,warungkiara,0.0265780730897009,0.074074074074074,0.0461095100864553,0.1213872832369942,0.0256410256410256,-6.9800433,106.7148926,0
kabupaten sumedang,buahdua,0.0066445182724252,0.0185185185185185,0.0014409221902017,0.1040462427745664,0.1282051282051282,-6.7033573,107.9566819,0
kabupaten sumedang,cibugel,0.0,0.037037037037037,0.0043227665706051,0.1098265895953757,0.1025641025641025,-6.9621572,108.015176,0
kabupaten sumedang,cimalaka,0.0132890365448504,0.0,0.0072046109510086,0.0867052023121387,0.1538461538461538,-6.8147228,107.9502986,0
kabupaten sumedang,cimanggung,0.0166112956810631,0.0,0.0,0.0115606936416184,0.0,-6.966003,107.8409103,0
kabupaten sumedang,cisarua,0.0,0.0,0.0072046109510086,0.1098265895953757,0.0769230769230769,-6.8267355,107.9648487,0
kabupaten sumedang,cisitu,0.0,0.0,0.0028818443804034,0.0867052023121387,0.0256410256410256,-6.8711967,108.0429498,0
kabupaten sumedang,conggeang,0.0132890365448504,0.0,0.0014409221902017,0.0115606936416184,0.0256410256410256,-6.7399363,108.0086029,0
kabupaten sumedang,darmaraja,0.0099667774086378,0.0,0.0028818443804034,0.1387283236994219,0.1025641025641025,-6.918311,108.0739412,0
kabupaten sumedang,ganeas,0.0,0.0555555555555555,0.0187319884726224,0.2774566473988439,0.1794871794871795,-6.8464206,107.9737694,0
kabupaten sumedang,jatigede,0.0132890365448504,0.0,0.0043227665706051,0.0578034682080924,0.0,-6.888256,108.151324,0
kabupaten sumedang,jatinangor,0.1129568106312292,0.0185185185185185,0.0043227665706051,0.0404624277456647,0.0512820512820512,-6.9342727,107.7723077,0
kabupaten sumedang,jatinunggal,0.0,0.0185185185185185,0.0043227665706051,0.2312138728323699,0.2051282051282051,-6.922003,108.172056,0
kabupaten sumedang,pamulihan,0.0033222591362126,0.0555555555555555,0.0,0.2138728323699421,0.1794871794871795,-6.8773707,107.8287342,0
kabupaten sumedang,paseh,0.0066445182724252,0.1111111111111111,0.0,0.0635838150289017,0.0769230769230769,-6.7973737,108.0049626,0
kabupaten sumedang,rancakalong,0.0,0.0,0.0,0.4393063583815029,0.1538461538461538,-6.8361771,107.8372232,0
kabupaten sumedang,situraja,0.0099667774086378,0.1296296296296296,0.0028818443804034,0.2543352601156069,0.3076923076923077,-6.8406467,108.0190059,0
kabupaten sumedang,sukasari,0.0,0.0925925925925925,0.0,0.0924855491329479,0.0769230769230769,-6.8848215,107.7892944,0
kabupaten sumedang,sumedang selatan,0.0066445182724252,0.0,0.0187319884726224,0.0867052023121387,0.0,-6.859661,107.922942,0
kabupaten sumedang,sumedang utara,0.0199335548172757,0.1296296296296296,0.0,0.0809248554913294,0.2307692307692307,-6.835617,107.930521,0
kabupaten sumedang,surian,0.0166112956810631,0.0,0.015850144092219,0.1098265895953757,0.2051282051282051,-6.6362228,107.8618914,0
kabupaten sumedang,tanjungkerta,0.0199335548172757,0.0555555555555555,0.0389048991354466,0.3583815028901734,0.2564102564102564,-6.767932,107.879769,0
kabupaten sumedang,tanjungmedar,0.0,0.0,0.0144092219020172,0.0867052023121387,0.0,-6.722936,107.841252,0
kabupaten sumedang,tanjungsari,0.0,0.0,0.0,0.0231213872832369,0.0256410256410256,-6.9039232,107.8024648,0
kabupaten sumedang,tomo,0.0132890365448504,0.0,0.0,0.0115606936416184,0.0512820512820512,-6.7607297,108.136947,0
kabupaten sumedang,ujungjaya,0.1594684385382059,0.0555555555555555,0.0043227665706051,0.0115606936416184,0.4358974358974359,-6.7132604,108.104422,0
kabupaten sumedang,wado,0.0033222591362126,0.0,0.0014409221902017,0.2369942196531791,0.1794871794871795,-6.9472722,108.0919179,0
kabupaten tasikmalaya,bantarkalong,0.0166112956810631,0.0,0.0720461095100864,0.1271676300578034,0.0256410256410256,-7.653832,108.065891,0
kabupaten tasikmalaya,bojongasih,0.0265780730897009,0.0,0.0389048991354466,0.0751445086705202,0.0256410256410256,-7.5810374,108.1302724,0
kabupaten tasikmalaya,bojonggambir,0.0,0.0,0.0172910662824207,0.3757225433526011,0.0256410256410256,-7.5128006,107.976113,0
kabupaten tasikmalaya,ciawi,0.0265780730897009,0.0555555555555555,0.0432276657060518,0.1965317919075144,0.0256410256410256,-7.1586313,108.1475296,0
kabupaten tasikmalaya,cibalong,0.0,0.0925925925925925,0.0345821325648414,0.1040462427745664,0.1025641025641025,-7.5148552,108.1822482,0
kabupaten tasikmalaya,cigalontang,0.0,0.611111111111111,0.2074927953890489,1.0,0.6153846153846154,-7.3209519,108.004878,-1
kabupaten tasikmalaya,cikalong,0.0132890365448504,0.0555555555555555,0.0749279538904899,0.0520231213872832,0.0769230769230769,-7.4595815,108.0516529,0
kabupaten tasikmalaya,cikatomas,0.0166112956810631,0.1111111111111111,0.0734870317002881,0.1907514450867052,0.0,-7.620878,108.272516,0
kabupaten tasikmalaya,cineam,0.0,0.0,0.0864553314121037,0.1734104046242774,0.0,-7.3899989,108.3565309,0
kabupaten tasikmalaya,cipatujah,0.0830564784053156,0.037037037037037,0.0605187319884726,0.1849710982658959,0.1025641025641025,-7.662778,107.990503,0
kabupaten tasikmalaya,cisayong,0.0365448504983388,0.0185185185185185,0.0446685878962536,0.1560693641618497,0.0,-7.258526,108.169702,0
kabupaten tasikmalaya,culamega,0.0,0.0,0.0662824207492795,0.0635838150289017,0.0,-7.586758,108.027477,0
kabupaten tasikmalaya,gunung tanjung,0.0,0.1296296296296296,0.0302593659942363,0.1387283236994219,0.1538461538461538,-7.429619,108.280544,0
kabupaten tasikmalaya,jamanis,0.0066445182724252,0.0,0.0043227665706051,0.0115606936416184,0.0,-7.202406,108.159908,0
kabupaten tasikmalaya,jatiwaras,0.0033222591362126,0.0925925925925925,0.0230547550432276,0.1156069364161849,0.0,-7.4807908,108.224207,0
kabupaten tasikmalaya,kadipaten,0.0166112956810631,0.0,0.0,0.0635838150289017,0.0256410256410256,-7.1099244,108.1068261,0
kabupaten tasikmalaya,karang jaya,0.0,0.0185185185185185,0.0100864553314121,0.0404624277456647,0.0512820512820512,-7.373259,108.272778,0
kabupaten tasikmalaya,karangnunggal,0.0631229235880398,0.0185185185185185,0.0489913544668587,0.0809248554913294,0.0769230769230769,-7.6308836,108.1335805,0
kabupaten tasikmalaya,leuwisari,0.0,0.074074074074074,0.0230547550432276,0.0115606936416184,0.2564102564102564,-7.302998,108.087083,0
kabupaten tasikmalaya,mangunreja,0.0,0.0,0.047550432276657,0.1560693641618497,0.0,-7.376058,108.088861,0
kabupaten tasikmalaya,manonjaya,0.0099667774086378,0.2777777777777778,0.0907780979827089,0.0635838150289017,0.0,-7.3514036,108.3080126,0
kabupaten tasikmalaya,padakembang,0.0099667774086378,0.0555555555555555,0.0201729106628242,0.0173410404624277,0.0769230769230769,-7.2989546,108.1128882,0
kabupaten tasikmalaya,pagerageung,0.0199335548172757,0.074074074074074,0.0144092219020172,0.0924855491329479,0.0769230769230769,-7.1130766,108.1689861,0
kabupaten tasikmalaya,pancatengah,0.0830564784053156,0.074074074074074,0.0273775216138328,0.1213872832369942,0.3076923076923077,-7.684791,108.298415,0
kabupaten tasikmalaya,parungponteng,0.0,0.0,0.0,0.1387283236994219,0.0,-7.4935632,108.1517338,0
kabupaten tasikmalaya,puspahiang,0.0,0.0555555555555555,0.0864553314121037,0.3179190751445087,0.0,-7.4175495,108.0492166,0
kabupaten tasikmalaya,rajapolah,0.0066445182724252,0.0925925925925925,0.0489913544668587,0.0289017341040462,0.0512820512820512,-7.206818,108.192504,0
kabupaten tasikmalaya,salawu,0.0,0.0925925925925925,0.1023054755043227,0.6936416184971098,0.0769230769230769,-7.3787232,108.033504,0
kabupaten tasikmalaya,salopa,0.0033222591362126,0.074074074074074,0.1729106628242074,0.3352601156069364,0.0256410256410256,-7.507628,108.265176,0
kabupaten tasikmalaya,sariwangi,0.0,0.0,0.0043227665706051,0.0751445086705202,0.0,-7.3293247,108.0793988,0
kabupaten tasikmalaya,singaparna,0.0299003322259136,0.0,0.0360230547550432,0.2254335260115607,0.0512820512820512,-7.3499098,108.1107502,0
kabupaten tasikmalaya,sodonghilir,0.0199335548172757,0.1851851851851851,0.1123919308357348,0.8092485549132947,0.1025641025641025,-7.4888627,108.053289,0
kabupaten tasikmalaya,sukahening,0.0033222591362126,0.0555555555555555,0.0144092219020172,0.1271676300578034,0.0769230769230769,-7.2046849,108.1506009,0
kabupaten tasikmalaya,sukaraja,0.0,0.1481481481481481,0.0259365994236311,0.2369942196531791,0.1538461538461538,-7.2119236,108.1781509,0
kabupaten tasikmalaya,sukarame,0.0,0.037037037037037,0.0028818443804034,0.0115606936416184,0.0769230769230769,-7.3600408,108.134973,0
kabupaten tasikmalaya,sukaratu,0.0299003322259136,0.0185185185185185,0.0331412103746397,0.0404624277456647,0.0,-7.2756733,108.1439817,0
kabupaten tasikmalaya,sukaresik,0.0631229235880398,0.0,0.0086455331412103,0.0,0.0,-7.1615118,108.1864191,0
kabupaten tasikmalaya,tanjungjaya,0.0,0.0,0.0389048991354466,0.0982658959537572,0.1282051282051282,-7.40867,108.15414,0
kabupaten tasikmalaya,taraju,0.0,0.1481481481481481,0.0835734870317002,0.2485549132947976,0.1794871794871795,-7.4556938,107.9807276,0
kota banjar,banjar,0.0099667774086378,0.0,0.0,0.0,0.0,-7.370366,108.532348,0
kota banjar,langensari,0.0132890365448504,0.3333333333333333,0.031700288184438,0.0,0.0,-7.375868,108.610526,0
kota banjar,pataruman,0.0099667774086378,0.074074074074074,0.0,0.0578034682080924,0.0256410256410256,-7.369702,108.57237,0
kota banjar,purwaharja,0.0,0.0,0.0,0.0,0.0,-7.34557,108.56196,0
